{
	"format_version": "1.8.0",
	"animations": {
		"animation.sammy.airplane": {
			"loop": true,
			"animation_length": 3.9167,
			"bones": {
				"tail1": {
					"rotation": {
						"0.0": [12.5, 0, 0],
						"3.25": [12.60443, 7.32123, 1.63219],
						"3.75": [12.5, 0, 0]
					},
					"position": {
						"0.0": [0, 0, 0],
						"3.75": [0, 0, 0]
					},
					"scale": {
						"0.0": [1, 1, 1],
						"3.75": [1, 1, 1]
					}
				},
				"tail2": {
					"rotation": {
						"0.0": [-15.08, -3.04, 0.55],
						"0.5833": [-15.47479, -17.22575, 3.13388],
						"1.5": [-16.24314, 27.0478, -5.16524],
						"2.25": [-16.24998, -29.51846, 5.61757],
						"3.0833": [-15.99091, 27.07041, -5.03075],
						"3.25": [-16.54451, 31.97421, -6.15315],
						"3.75": [-15.08, -3.04, 0.55]
					},
					"position": {
						"0.0": [0, 0, 0],
						"3.75": [0, 0, 0]
					},
					"scale": {
						"0.0": [1, 1, 1],
						"3.75": [1, 1, 1]
					}
				},
				"ears": {
					"rotation": {
						"0.0": [-10.37, 0, 0],
						"0.5417": [-20, 0, 0],
						"0.7917": [-40, 0, 0],
						"3.3333": [-45, 0, 0],
						"3.75": [-10.37, 0, 0]
					},
					"position": {
						"0.0": [0, 0, 0],
						"3.75": [0, 0, 0]
					},
					"scale": {
						"0.0": [1, 1, 1],
						"3.75": [1, 1, 1]
					}
				},
				"ear1": {
					"rotation": {
						"0.0": [0, 0, 1.73],
						"2.7917": [0, 0, 10],
						"3.0833": [0, 0, -2.5],
						"3.75": [0, 0, 1.73]
					},
					"position": {
						"0.0": [0.52, 0, 0],
						"0.5417": [1, 0, 0],
						"3.75": [0.52, 0, 0]
					},
					"scale": {
						"0.0": [1.1037, 1, 1],
						"0.5417": [1.2, 1, 1],
						"3.3333": [1.3, 1, 1],
						"3.75": [1.1037, 1, 1]
					}
				},
				"ear2": {
					"rotation": {
						"0.0": [0, 0, -3.41],
						"1.125": [0, 0, -10],
						"1.5": [0, 0, 0],
						"2.7917": [0, 0, -10],
						"3.0833": [0, 0, 0],
						"3.75": [0, 0, -3.41]
					},
					"position": {
						"0.0": [-0.52, 0, 0],
						"0.5417": [-1, 0, 0],
						"3.75": [-0.52, 0, 0]
					},
					"scale": {
						"0.0": [1.1037, 1, 1],
						"0.5417": [1.2, 1, 1],
						"3.3333": [1.3, 1, 1],
						"3.75": [1.1037, 1, 1]
					}
				},
				"eyeR": {
					"rotation": {
						"0.0": [0, 0, -2.59],
						"0.5417": [0, 0, -5],
						"1.375": [0, 0, -10],
						"3.3333": [0, 0, -12.5],
						"3.75": [0, 0, -2.59]
					},
					"position": {
						"0.0": [0, 0, 0],
						"0.5417": [0, 0, 0],
						"3.75": [0, 0, 0]
					},
					"scale": {
						"0.0": [1.0519, 1, 1],
						"0.5417": [1.1, 1, 1],
						"3.75": [1.0519, 1, 1]
					}
				},
				"eyeL": {
					"rotation": {
						"0.0": [0, 0, 2.59],
						"0.5417": [0, 0, 5],
						"1.375": [0, 0, 10],
						"3.3333": [0, 0, 12.5],
						"3.75": [0, 0, 2.59]
					},
					"position": {
						"0.0": [0, 0, 0],
						"3.75": [0, 0, 0]
					},
					"scale": {
						"0.0": [1.0519, 1, 1],
						"0.5417": [1.1, 1, 1],
						"3.75": [1.0519, 1, 1]
					}
				}
			}
		},
		"animation.sammy.sprint": {
			"loop": true,
			"animation_length": 1,
			"bones": {
				"tail1": {
					"rotation": [0, 0, 0]
				},
				"tail2": {
					"rotation": ["62.0 + math.cos(query.modified_distance_moved * 57.3) * 18.0 * query.modified_move_speed", 0, 0]
				},
				"backLegL": {
					"rotation": ["math.cos(query.modified_distance_moved * 38.17) * 57.3 * query.modified_move_speed", 0, 0]
				},
				"backLegR": {
					"rotation": ["math.cos(query.modified_distance_moved * 38.17 + 17.19) * 57.3 * query.modified_move_speed", 0, 0]
				},
				"frontLegL": {
					"rotation": ["math.cos(query.modified_distance_moved * 38.17 + 197.19) * 57.3 * query.modified_move_speed", 0, 0]
				},
				"frontLegR": {
					"rotation": ["math.cos(query.modified_distance_moved * 38.17 + 180.0) * 57.3 * query.modified_move_speed", 0, 0]
				}
			}
		},
		"animation.sammy.sneak": {
			"loop": true,
			"animation_length": 1,
			"bones": {
				"body": {
					"position": [0, -1, 0]
				},
				"head": {
					"position": [0, -1, 0]
				},
				"tail1": {
					"position": [0, 1, 0]
				},
				"tail2": {
					"rotation": ["62.0 + math.cos(query.modified_distance_moved * 57.3) * 27.0 * query.modified_move_speed", 0, 0]
				},
				"backLegL": {
					"rotation": ["math.cos(query.modified_distance_moved * 38.17) * 57.3 * query.modified_move_speed", 0, 0],
					"position": [0, 1, 0]
				},
				"backLegR": {
					"rotation": ["math.cos(query.modified_distance_moved * 38.17 + 180.0) * 57.3 * query.modified_move_speed", 0, 0],
					"position": [0, 1, 0]
				},
				"frontLegL": {
					"rotation": ["math.cos(query.modified_distance_moved * 38.17 + 180.0) * 57.3 * query.modified_move_speed", 0, 0],
					"position": [0, 1, 0]
				},
				"frontLegR": {
					"rotation": ["math.cos(query.modified_distance_moved * 38.17) * 57.3 * query.modified_move_speed", 0, 0],
					"position": [0, 1, 0]
				}
			}
		},
		"animation.sammy.sit": {
			"loop": true,
			"animation_length": 1,
			"bones": {
				"body": {
					"rotation": [-45, 0, 0],
					"position": [0, -1, 0]
				},
				"head": {
					"position": [0, -1.25, 0]
				},
				"tail1": {
					"rotation": [45, 0, 0],
					"position": [0, -3, 1]
				},
				"tail2": {
					"rotation": [45, 0, 0],
					"position": [0, 0, 0]
				},
				"backLegL": {
					"rotation": [-45, 0, 0],
					"position": [0, 0, 1]
				},
				"backLegR": {
					"rotation": [-45, 0, 0],
					"position": [0, 0, 1]
				},
				"frontLegL": {
					"rotation": [42.15, 0, 0],
					"position": [0, -4.5, -1]
				},
				"frontLegR": {
					"rotation": [42.15, 0, 0],
					"position": [0, -4.5, -1]
				}
			}
		},
		"animation.sammy.lie_down": {
			"loop": true,
			"animation_length": 1,
			"bones": {
				"body": {
					"rotation": [0, 0, "math.lerprotate(0.0, 90.0, variable.liedownamount)"],
					"position": [0, "variable.liedownamount * -4.5 + variable.lieonplayer * (4.5 + query.is_baby * 6)", 0]
				},
				"head": {
					"rotation": [-10, "math.lerprotate(this, 75.81, variable.liedownamount)", 0],
					"position": [-0.1, 0, -0.5]
				},
				"tail1": {
					"rotation": ["math.lerprotate(this, -33.84, variable.liedownamounttail)", 0, 0],
					"position": [0, 0, 0]
				},
				"tail2": {
					"rotation": ["math.lerprotate(this, -68.92, variable.liedownamounttail)", 0, 0],
					"position": [0, 0, 0]
				},
				"backLegL": {
					"rotation": [-22.92, 0, 0],
					"position": [0, -0.7, 0]
				},
				"backLegR": {
					"rotation": [28.65, 0, -28.65],
					"position": [0.1, -1.2, 0]
				},
				"frontLegL": {
					"rotation": [-72.81, 0, 0],
					"position": [0, -1, -1.5]
				},
				"frontLegR": {
					"rotation": [-30, 0, -14.46],
					"position": [0.2, -0.9, 0]
				}
			}
		},
		"animation.sammy.baby_transform": {
			"loop": true,
			"animation_length": 1
		},
		"animation.sammy.loaf": {
			"loop": "hold_on_last_frame",
			"animation_length": 2.2083,
			"bones": {
				"body": {
					"position": {
						"0.0": [0, 0, 0],
						"1.5": [0, -4, 0]
					}
				},
				"tail1": {
					"rotation": {
						"0.0": [0, 0, 0],
						"0.25": [17.64168, 7.15102, 2.26708],
						"1.2083": [5.14168, 7.15102, 2.26708],
						"1.5": [7.5735, -47.5705, -3.97958],
						"1.9583": [12.06874, -64.831, -9.32668],
						"2.2083": [14.84762, -69.6953, -12.33689]
					}
				},
				"tail2": {
					"rotation": {
						"0.0": [0, 0, 0],
						"1.0": [0, -12.5, 0],
						"1.2083": [-15, -12.5, 0],
						"1.5": [-22.83857, -56.39817, 12.81899],
						"1.9583": [-132.8667, -77.59917, 126.33841],
						"2.2083": [-165.87836, -53.65363, 164.29452]
					}
				},
				"backLegL": {
					"rotation": {
						"0.0": [15, 0, 0],
						"1.5": [-85, 0, 0]
					}
				},
				"backLegR": {
					"rotation": {
						"0.0": [-10, 0, 0],
						"1.5": [-82.5, 0, 0]
					}
				},
				"frontLegL": {
					"rotation": {
						"0.0": [-42.5, 0, 0],
						"1.5": [-72.5, 0, 0]
					},
					"position": {
						"0.0": [0, -2, 0],
						"1.5": [0, -2, 6]
					}
				},
				"clawL": {
					"position": [0, 1, 1]
				},
				"frontLegR": {
					"rotation": {
						"0.0": [-15, 0, 0],